id,trade_id,difference,fee
fdd50ba2-76e9-47f8-9df5-a2bf14d86715,"0    93f7cdbe-6658-490e-8974-dfa2775adb84
Name: id, dtype: object",14.846768701591103,1.442039105855585
86c46b54-b3d2-46f0-af65-eb5fe49ca68a,"1    94397d07-f01d-4326-91af-8d626682eef3
Name: id, dtype: object",4.684267499999976,1.4417325
1be6d70b-e4b1-481a-84a1-cc1bb6165644,"2    a0d2a85f-145f-4fdd-b529-fd2eeb15be29
Name: id, dtype: object",-9.074669619000538,1.4308141427167773
8379b715-00c4-4680-b26d-a71afc46960c,"3    8b78e4c5-de0e-4112-b494-64c85a025c3d
Name: id, dtype: object",-0.8927639224629655,1.434230733546603
