id,trade_id,difference,fee
fdd50ba2-76e9-47f8-9df5-a2bf14d86715,"0    93f7cdbe-6658-490e-8974-dfa2775adb84
Name: id, dtype: object",14.846768701591103,1.442039105855585
86c46b54-b3d2-46f0-af65-eb5fe49ca68a,"1    94397d07-f01d-4326-91af-8d626682eef3
Name: id, dtype: object",4.684267499999976,1.4417325
1be6d70b-e4b1-481a-84a1-cc1bb6165644,"2    a0d2a85f-145f-4fdd-b529-fd2eeb15be29
Name: id, dtype: object",-9.074669619000538,1.4308141427167773
8379b715-00c4-4680-b26d-a71afc46960c,"3    8b78e4c5-de0e-4112-b494-64c85a025c3d
Name: id, dtype: object",-0.8927639224629655,1.434230733546603
52510895-c2f5-43d8-b1b6-3ddd12e66964,"4    4302fbf6-5de9-4123-80fd-7e05e684f0a3
Name: id, dtype: object",2.4525122499999243,1.4304877500000002
1fa1bbd4-2f51-408c-94c5-5ed132fdef13,"5    722ab565-1024-4f58-bf47-8a6e5a6a6d0b
Name: id, dtype: object",-6.78339878901825,1.4311389014610114
93e30570-975b-4cf4-8246-764986dc953c,"6    e6d7dbe6-ef3a-4087-b99e-97bf7f11e130
Name: id, dtype: object",-2.895695750000023,1.42069575
004b8758-4684-4034-aabb-8a06d8355238,"7    fc9706ad-c75b-4062-af52-32725fce66f0
Name: id, dtype: object",5.146903109363594,1.4380467637606937
a8b31a4c-48af-4769-8540-80457bff5cab,"8    27d02312-b397-4f1b-8fde-8eef6fa4c10b
Name: id, dtype: object",-5.549687750000009,1.4346877500000002
d0b1d987-a448-4f58-b2eb-b0ee416b916b,"9    5e0483c1-dfdb-493b-8b79-f573e1eaaeb6
Name: id, dtype: object",-9.321328469775585,1.4279299951659588
8141569c-6c2c-47bb-bc8e-5a63e1dfc64c,"10    10ab102b-2667-4f53-8446-7d08c86e9e42
Name: id, dtype: object",-12.56490175,1.43990175
6652dbc9-33df-4e42-93fd-09b4aae18055,"11    5c887e2c-f57e-4e2a-92f4-ca2c66e696d9
Name: id, dtype: object",61.74060750000004,1.4693925
2ee15e19-0d0c-4a6d-a1b3-79ddd3e28d1c,"12    623a8898-85da-4c73-b147-d9c93ccbf9ef
Name: id, dtype: object",7.118986155059053,1.4522347729019542
