id,trade_id,difference
572ca01b-61fc-48f9-a518-c3a3dd838419,"0    172778d9-4a6e-48ae-8c73-227f4dcbdda3
Name: id, dtype: object",-50.508250000000004
f538df22-f5c2-41cd-9682-ef00db2369a1,"1    64606944-4249-49df-89f3-15e185ec51bc
Name: id, dtype: object",-57.695
2155e84d-fc7b-4f48-be3e-9303e6407fbd,"2    e41845fa-8ebc-4428-a07e-6d6b857300b3
Name: id, dtype: object",-53.080625
a1aeb0d8-4564-45a6-9efb-1e6164b339f2,"3    e596e8e2-dded-4d6d-831b-2e8a4e7c7431
Name: id, dtype: object",10.893124999999998
1d02c308-e2fc-4c3d-8808-c245f967fc27,"4    5a837175-d9f4-4203-be15-049edd80dd96
Name: id, dtype: object",15.396499999999998
