id,trade_id,difference,fee
6a33519f-d616-4043-a06a-86c193870bc8,"0    91b1e262-cbd3-4375-9197-2d668b5d24b4
Name: id, dtype: object",-0.37294549999994464,1.3369455000000001
596dda07-724b-4cc3-8c99-730caa395c8e,"1    095a7a28-59ff-441e-b0fc-9fa664601494
Name: id, dtype: object",2.5870441037249634,1.3315720784866585
bffe2312-4bf4-45bc-84f8-c81439047af7,"2    3e2f0500-3bbc-4daf-b385-4eaa5bfa7d74
Name: id, dtype: object",-2.5640497500001174,1.34304975
644c5057-a031-4ba4-a810-0f06547fe859,"3    bdc51ff0-0e5f-4760-9d71-d32f4acc7d80
Name: id, dtype: object",-9.156969677482481,1.323563903572777
88727a2c-dfb0-4db3-bdba-38b4d53799cd,"4    eaa06b1e-c913-4587-b2f0-78988063e4d6
Name: id, dtype: object",-8.052397555411627,1.3216438016846697
