id,trade_id,difference
6bed5bd5-4b6a-47c1-bbf9-2230ccc6d870,"0    9b950fc2-7dc5-4f4a-8876-6f5daa096606
Name: id, dtype: object",-1.9050552499998736
9ccabadb-7cfe-4b15-9c4f-9586e9da1c01,"1    5d586b10-11a2-4502-ab96-1d69edec4b18
Name: id, dtype: object",0.8474746200691077
add779bf-ca18-481c-9cc0-7fa94682e258,"2    170c865e-a823-4966-ab56-0b33c5ab9f8e
Name: id, dtype: object",-8.27333100000012
1aa0c5a6-92e0-41c3-aeed-a296d04cb9ed,"3    cf345de0-11e9-4e72-89bf-34cb295289a5
Name: id, dtype: object",-2.3412769999998755
