id,trade_id,difference
01f5462b-bd55-4265-bdaf-a32a877850a7,"0    c3f9473b-4f86-4223-a7c1-cec94ec3c98f
Name: id, dtype: object",-1.4656374999995645
1c132864-6b4e-48c3-8cfa-740b039c7626,"1    844806f0-e917-4f1b-9546-fbba77999c05
Name: id, dtype: object",44.509854999999746
8aaffbdd-6e00-494d-9989-2fe0be164760,"2    9d2a018c-c15b-4ffb-adc6-0bcb6e4f2454
Name: id, dtype: object",-83.24589000000012
bb8ab63b-4ec2-4c29-93f7-b18348e9e927,"3    28067a28-5b03-4f06-a1ca-8628348035a1
Name: id, dtype: object",-29.24268000000051
98cb0f96-a4e5-441f-adff-786afade1c37,"4    a9a25f30-6c71-4940-8c41-604b75146b06
Name: id, dtype: object",1.8639724999995995
9f3e9109-960a-485c-8389-bfe4c88d8010,"5    6415f41f-5086-44ae-8fea-e1cc11ec70aa
Name: id, dtype: object",-8.673925000000146
f4f486f4-9111-4755-850b-d5557eaee07e,"6    a865871d-0e40-4aac-8e94-ba1129dc6600
Name: id, dtype: object",79.05023249999982
e3d8d4b0-3da6-4882-90a0-e098820844cf,"7    2dbb97fb-c22e-44d3-b479-4d86474e5669
Name: id, dtype: object",51.86986249999997
36a8b7a7-fa24-4fd5-80dd-cbf6c1d0330a,"8    07d2baa7-a5cc-4ffe-bdf0-df9d1e063466
Name: id, dtype: object",25.939325000000146
423218b8-e435-4837-a78b-f13cf51ce489,"9    9813544c-5d3f-4b06-b7a8-1b1ca2a9fd7c
Name: id, dtype: object",-71.35359000000011
81b6ecf3-ee42-4c9a-98de-5c0ff659c96d,"10    c9f19c7d-90f0-4982-a293-b2d27f69ef56
Name: id, dtype: object",-4.733995000000728
83f4cae2-ce38-439c-ba5a-44ca9d15c6f2,"11    8426af4f-2913-43a4-b960-02eb3d1e15b8
Name: id, dtype: object",38.403627499999345
2fd03f99-63b0-42eb-8510-08d323442a51,"12    9b5e1e74-8a2f-41aa-afe1-310d6e7f615a
Name: id, dtype: object",26.874987499999815
4ceaa74b-34cf-40ce-9a37-1eac0f520173,"13    e734785a-a1ac-4731-b22b-330bec0de5e0
Name: id, dtype: object",16.20299750000044
