id,trade_id,difference
29652465-b4eb-4e61-817b-49e80f71e5be,"0    f0d461d7-bfee-4c77-9009-db516d2e86e1
Name: id, dtype: object",6.32525
e0450d00-e79e-4359-9edc-9a934ee95322,"1    6a335491-8bb7-4245-8274-0f9342b7dfb8
Name: id, dtype: object",-65.228375
f5cd06e8-2969-4ae8-b4f2-ef7097609b66,"2    c28e19a3-2e42-4ea8-ba05-fee9ad529639
Name: id, dtype: object",140.33875
d84aa000-23d7-4cc6-8d65-74022e664a82,"3    2aef4d30-8119-4888-90d9-23a91448a1c6
Name: id, dtype: object",-8.049875
c28a3c0b-acbf-4265-b7a8-b726eda4ec07,"4    745fe357-a9df-4206-aadf-c7a644e4270e
Name: id, dtype: object",188.5975
