id,trade_id,difference
01f5462b-bd55-4265-bdaf-a32a877850a7,"0    c3f9473b-4f86-4223-a7c1-cec94ec3c98f
Name: id, dtype: object",-1.4656374999995645
1c132864-6b4e-48c3-8cfa-740b039c7626,"1    844806f0-e917-4f1b-9546-fbba77999c05
Name: id, dtype: object",44.509854999999746
8aaffbdd-6e00-494d-9989-2fe0be164760,"2    9d2a018c-c15b-4ffb-adc6-0bcb6e4f2454
Name: id, dtype: object",-83.24589000000012
bb8ab63b-4ec2-4c29-93f7-b18348e9e927,"3    28067a28-5b03-4f06-a1ca-8628348035a1
Name: id, dtype: object",-29.24268000000051
98cb0f96-a4e5-441f-adff-786afade1c37,"4    a9a25f30-6c71-4940-8c41-604b75146b06
Name: id, dtype: object",1.8639724999995995
9f3e9109-960a-485c-8389-bfe4c88d8010,"5    6415f41f-5086-44ae-8fea-e1cc11ec70aa
Name: id, dtype: object",-8.673925000000146
f4f486f4-9111-4755-850b-d5557eaee07e,"6    a865871d-0e40-4aac-8e94-ba1129dc6600
Name: id, dtype: object",79.05023249999982
e3d8d4b0-3da6-4882-90a0-e098820844cf,"7    2dbb97fb-c22e-44d3-b479-4d86474e5669
Name: id, dtype: object",51.86986249999997
36a8b7a7-fa24-4fd5-80dd-cbf6c1d0330a,"8    07d2baa7-a5cc-4ffe-bdf0-df9d1e063466
Name: id, dtype: object",25.939325000000146
423218b8-e435-4837-a78b-f13cf51ce489,"9    9813544c-5d3f-4b06-b7a8-1b1ca2a9fd7c
Name: id, dtype: object",-71.35359000000011
81b6ecf3-ee42-4c9a-98de-5c0ff659c96d,"10    c9f19c7d-90f0-4982-a293-b2d27f69ef56
Name: id, dtype: object",-4.733995000000728
83f4cae2-ce38-439c-ba5a-44ca9d15c6f2,"11    8426af4f-2913-43a4-b960-02eb3d1e15b8
Name: id, dtype: object",38.403627499999345
2fd03f99-63b0-42eb-8510-08d323442a51,"12    9b5e1e74-8a2f-41aa-afe1-310d6e7f615a
Name: id, dtype: object",26.874987499999815
4ceaa74b-34cf-40ce-9a37-1eac0f520173,"13    e734785a-a1ac-4731-b22b-330bec0de5e0
Name: id, dtype: object",16.20299750000044
ed487ffd-8d77-4e5c-ad23-1d9219b8d964,"14    c2a51bc4-7352-484e-96fa-76d9f08f589c
Name: id, dtype: object",-16.771714999999382
e57a4345-988e-426c-9486-f607d370915f,"15    d7403c83-1c0e-4499-9a83-731f4ce07cd3
Name: id, dtype: object",203.03330749999998
57bd8045-07a2-4196-835b-45c23533d3f3,"16    4740ed66-c9f1-4664-8a37-0780936f3daf
Name: id, dtype: object",-79.41837250000073
4a6133b7-429c-47b6-82bb-cf0865f7fe01,"17    4d877abd-e4f5-4af5-92d1-f435a3a4351e
Name: id, dtype: object",-91.10913000000015
30e3d597-e777-4e12-ab98-1afe49649770,"18    c4445e61-fac9-4a3d-904b-293a99dd01a2
Name: id, dtype: object",-76.17407499999891
41cb0c82-d4ed-410e-bcf1-badc9eabaae0,"19    43d9abbe-6656-47a2-9246-57b2d42ae654
Name: id, dtype: object",-79.9523475000008
e269b600-e38c-4f10-a0c2-c1b8f29672d6,"20    9592a0e2-dd84-425c-8a92-ad49a8d0abbf
Name: id, dtype: object",-26.930862500000075
d7481a79-4eca-4409-9386-665866466f50,"21    ce3f6517-b7b6-4c82-aeac-873f633ad8f6
Name: id, dtype: object",463.65092500000065
f40217a5-4e69-42f1-bb2b-19bf4414d02d,"22    e16676b2-d8b6-4ce9-9381-03b737463264
Name: id, dtype: object",393.0980500000007
d27c0546-eedf-4e43-99ff-c14e3bc49890,"23    efdad5c7-b68c-46fe-bd11-9cbc23dfb2ec
Name: id, dtype: object",-84.62338999999928
23c856f4-4b59-4ec0-8038-3778a81b1571,"24    38a50258-91c2-4a1a-b888-925369d2e01f
Name: id, dtype: object",49.97775
371d4ad1-cef7-43eb-825c-586356073b05,"25    ed4f88bd-e798-436c-97a2-f12ab67731c0
Name: id, dtype: object",-32.98442499999964
f8c7e37d-70ec-4cbb-b0b2-9b05780581e9,"26    47845696-267c-4b29-b265-382fbb0b4936
Name: id, dtype: object",-78.87997749999992
1ee164d9-8e4c-4f29-87a5-88c8f7522aa5,"27    3510d19f-e7d5-4f42-b1b7-6aae0d21535f
Name: id, dtype: object",-0.3835024999999277
037a8e05-40e5-4887-93ca-1fd35283b83a,"28    9b68b4b9-af3c-42c7-be32-67c05bd5698f
Name: id, dtype: object",-20.1983524999992
073d2fd8-cb4f-4b32-8e48-c3118a7161cf,"29    0ddfe08e-1412-488c-8cee-edf389c765d2
Name: id, dtype: object",58.29273500000008
9cf532ca-f65d-46eb-9253-14a884eb42bb,"30    7cb93c17-2235-4a89-96b7-2a784c2b86d7
Name: id, dtype: object",-69.14277000000007
a864d47b-91b7-4161-84c3-0cc2289c4262,"31    b7b84aab-e528-4147-968f-661a9afc49ab
Name: id, dtype: object",-3.5420074999986175
c40601d7-c02b-484b-8ddc-05b270f3d98a,"32    7f167f04-02bb-44df-9b02-42c16feeae03
Name: id, dtype: object",99.88550499999992
c04b4a70-8cde-4951-b5bf-9db5563aae33,"33    e2637572-0579-4635-bf5b-2f57143318b1
Name: id, dtype: object",-81.7381750000003
9fa306b5-7ed7-4ef0-96f3-51b7c1c090d6,"34    7fea5f36-3a17-45a9-9e64-bd470d7ab69d
Name: id, dtype: object",37.186320000000144
2bc1a344-b5cc-42b7-92a9-0d259bbdb395,"35    4427c98a-99eb-4615-a30a-c6e7528c379a
Name: id, dtype: object",-63.939467499999125
fbacdfa1-dfa1-4d3e-9b39-443f04f81068,"36    bf144397-0911-49b9-bcc2-bb04ec9cb5a1
Name: id, dtype: object",-79.68764749999936
7c691e98-2a26-453b-8e90-6b2259787df0,"37    6b87ef6f-5926-452c-8cc5-4e8a1c332cb2
Name: id, dtype: object",41.68628750000073
bb499aa4-c6c1-4bf8-9e69-b76e57f2150b,"38    4328c6e5-ff6e-4770-84bd-b90aebd6cfee
Name: id, dtype: object",-89.60210499999978
bfd2012f-0a86-4050-ade9-4d92ed8d26b8,"39    da2a0962-d5ce-4243-8f09-f02972f0d0ef
Name: id, dtype: object",-81.11217499999891
13035dae-cda2-49c6-b731-91af3dd23f21,"40    41bc8549-6072-4ebe-9af6-e1f7138dcb5c
Name: id, dtype: object",32.16516749999971
bd748087-9f38-4920-beda-91c88d9c0273,"41    7848502f-9e69-4c22-86d1-f15d31e15c7d
Name: id, dtype: object",193.56402750000015
6cca5fbc-ecd0-4a36-87df-44458192104c,"42    662dd978-cc69-46fc-9dd1-40bcf2cab5b6
Name: id, dtype: object",72.02294000000124
64be3b8e-7b1b-4a53-9581-b31b824b1646,"43    3a1b249c-f449-4510-87e3-8a5f16255575
Name: id, dtype: object",-12.563572500000218
0bbf74c4-bd8c-4a89-8244-fe817c8a71f9,"44    78fbf986-db51-47c9-adfd-f9e2e9223dec
Name: id, dtype: object",202.87788749999862
57273821-d54e-4ce6-b8b3-154f6bbdd585,"45    db3c1e08-c201-4dd7-8221-4d416dab5dfd
Name: id, dtype: object",44.93643249999912
32f22154-9dc7-4cc3-9a07-562cde99c09b,"46    160cf298-7d24-4da5-a69f-9d7dc4d1cbaf
Name: id, dtype: object",103.02997000000022
941da273-17f3-4e27-a945-04fa0ec7d95e,"47    d5810e4c-fe31-49b0-9433-33eec8e2819f
Name: id, dtype: object",-85.67839250000014
56ab133b-3977-44f7-b638-11189af6c718,"48    765ddfbe-5303-42fc-b8c0-cbd84b271418
Name: id, dtype: object",138.9905299999995
8bddb27f-c4b6-4d59-93aa-9b71dae5837d,"49    d64ade1b-61a1-4931-b5a7-b9b8f41c7634
Name: id, dtype: object",-102.60052750000037
83351bab-6b3c-41e4-8018-3facddd58e2f,"50    601cffb9-5804-4103-a078-cae4ad95ea49
Name: id, dtype: object",-86.2427950000005
39a81452-7006-4ff2-af47-fb1724714e21,"51    11cfc646-a6fb-4b84-8c73-07df2f482957
Name: id, dtype: object",7.0245325000003636
aaaaff04-cedd-4703-babf-e64a782e552f,"52    cdf310a4-d370-4734-a428-be076fe0fee6
Name: id, dtype: object",104.7911525000005
36c427ba-5420-4884-8f62-e4a9f367a48e,"53    60054318-6bbb-49f0-bdeb-809117e4cd6c
Name: id, dtype: object",-90.83545750000089
