id,trade_id,difference
8f05098b-ae12-4b0c-862b-86fd58ff9cae,"0    f977d08e-2c7d-4809-a32e-423530f4c86d
Name: id, dtype: object",-9.153021249999899
ce951e4a-2f58-4e14-9499-060e4a47ccbd,"1    9f94ec1e-98ce-4d81-b1e8-77bb79f94135
Name: id, dtype: object",20.851250999999966
fb5845ff-3f28-4373-870a-a545252390e3,"2    e519fbec-9571-44b5-8fe9-92bedf616f48
Name: id, dtype: object",0.39757740501093064
3a451d35-3ef8-4735-8176-106f7ce33a0a,"3    c06c8c04-da7d-4c35-a7f3-119a669240b3
Name: id, dtype: object",20.879748146398853
7ebecd98-3929-4612-b2cc-d6fdba61baaf,"4    bd03e011-81c5-4d5e-9dba-e61addb93658
Name: id, dtype: object",-3.958790121893743
dfdfdc5f-4eff-45a8-8a68-676d6992b486,"5    68f891b4-b835-4892-849d-da6c9397c446
Name: id, dtype: object",3.57867991767076
1435332b-9169-41c6-95c1-cbe21ccfe185,"6    721a1a1a-151a-49fd-8b94-54bd1f1b07fd
Name: id, dtype: object",-9.757596749999987
1882f357-f42e-45ce-bc81-bd9fd3cc121f,"7    4fc2caea-7941-4256-ae6a-01987b2a5c0a
Name: id, dtype: object",-4.516711250000111
