id,exchange,indicator,type,price_entry,price_close,amount,time
f0d461d7-bfee-4c77-9009-db516d2e86e1,bitmex,tema400 < tema100 & BB%B >= 0 ,buy,7108.0,7125.0,1.0,2020-04-19 15:31:01.172599
6a335491-8bb7-4245-8274-0f9342b7dfb8,bitmex,tema400 > tema100 & BB%B <= 1,sell,7125.0,7179.5,1.0,2020-04-19 23:39:02.060355
c28e19a3-2e42-4ea8-ba05-fee9ad529639,bitmex,tema400 > tema100 & BB%B <= 1,sell,7183.0,7032.0,1.0,2020-04-20 05:15:01.166890
2aef4d30-8119-4888-90d9-23a91448a1c6,bitmex,tema400 < tema100 & BB%B >= 0 ,buy,7032.0,,1.0,2020-04-20 12:59:01.330947
