id,exchange,indicator,type,price_entry,price_close,amount,time
172778d9-4a6e-48ae-8c73-227f4dcbdda3,bitmex,tema400 < tema100 & BB%B >= 0 ,buy,7025.5,6985.5,1.0,2020-04-16 19:24:01.325200
64606944-4249-49df-89f3-15e185ec51bc,bitmex,tema400 > tema100 & BB%B <= 1,sell,7106.5,7153.5,1.0,2020-04-17 00:00:02.414082
e41845fa-8ebc-4428-a07e-6d6b857300b3,bitmex,tema400 < tema100 & BB%B >= 0 ,buy,7075.0,7032.5,1.0,2020-04-17 05:42:01.514423
e596e8e2-dded-4d6d-831b-2e8a4e7c7431,bitmex,tema400 < tema100 & BB%B >= 0 ,buy,7060.5,7082.0,1.0,2020-04-17 07:27:02.186021
5a837175-d9f4-4203-be15-049edd80dd96,bitmex,tema400 > tema100 & BB%B <= 1,sell,7082.0,7056.0,1.0,2020-04-17 11:36:03.388739
d37e6cb2-d51f-45c1-a891-7232dbf9cb22,bitmex,tema400 < tema100 & BB%B >= 0 ,buy,7056.0,,1.0,2020-04-17 16:04:05.696972
