id,exchange,indicator,type,price_entry,price_close,amount,time
9b950fc2-7dc5-4f4a-8876-6f5daa096606,binance,tema400 > tema100 & BB%B <= 1,sell,9104.34,9109.73,0.1,2020-05-21 23:34:00.162560
5d586b10-11a2-4502-ab96-1d69edec4b18,binance,tema400 < tema100 & BB%B >= 0 ,buy,9043.21,9065.21,0.1006659139840831,2020-05-22 05:53:00.191359
170c865e-a823-4966-ab56-0b33c5ab9f8e,binance,tema400 > tema100 & BB%B <= 1,sell,9161.07,9230.01,0.1,2020-05-22 11:49:00.142631
cf345de0-11e9-4e72-89bf-34cb295289a5,binance,tema400 > tema100 & BB%B <= 1,sell,9190.37,9199.99,0.1,2020-05-22 17:52:00.372566
